{
	"textures": {
		"0": "item/Axoboi"
	},
	"elements": [
		{
			"from": [6, 4, 5],
			"to": [10, 6, 10],
			"faces": {
				"north": {"uv": [2.5, 5.25, 4.5, 6.25], "texture": "#0"},
				"east": {"uv": [0, 5.25, 2.5, 6.25], "texture": "#0"},
				"south": {"uv": [7, 5.25, 9, 6.25], "texture": "#0"},
				"west": {"uv": [4.5, 5.25, 7, 6.25], "texture": "#0"},
				"up": {"uv": [2.5, 2.75, 4.5, 5.25], "texture": "#0"},
				"down": {"uv": [4.5, 2.75, 6.5, 5.25], "texture": "#0"}
			}
		},
		{
			"from": [6, 4, 2.5],
			"to": [10, 6.5, 5],
			"faces": {
				"north": {"uv": [1.25, 1.5, 3.25, 2.75], "texture": "#0"},
				"east": {"uv": [0, 1.5, 1.25, 2.75], "texture": "#0"},
				"south": {"uv": [4.5, 1.5, 6.5, 2.75], "texture": "#0"},
				"west": {"uv": [3.25, 1.5, 4.5, 2.75], "texture": "#0"},
				"up": {"uv": [1.25, 1.5, 3.25, 0.25], "texture": "#0"},
				"down": {"uv": [3.25, 0.25, 5.25, 1.5], "texture": "#0"}
			}
		},
		{
			"from": [6, 6.5, 4],
			"to": [10, 8, 4],
			"faces": {
				"north": {"uv": [0.75, 9.25, 2.75, 10], "texture": "#0"},
				"east": {"uv": [0, 0, 0, 3], "texture": "#0"},
				"south": {"uv": [0.75, 9.25, 2.75, 10], "texture": "#0"},
				"west": {"uv": [0, 0, 0, 3], "texture": "#0"},
				"up": {"uv": [0, 0, 8, 0], "texture": "#0"},
				"down": {"uv": [0, 0, 8, 0], "texture": "#0"}
			}
		},
		{
			"from": [10, 4, 4],
			"to": [11.5, 7.5, 4],
			"faces": {
				"north": {"uv": [0, 10, 0.75, 11.75], "texture": "#0"},
				"east": {"uv": [0, 0, 0, 7], "texture": "#0"},
				"south": {"uv": [0.75, 10, 0, 11.75], "texture": "#0"},
				"west": {"uv": [0, 0, 0, 7], "texture": "#0"},
				"up": {"uv": [0, 0, 3, 0], "texture": "#0"},
				"down": {"uv": [0, 0, 3, 0], "texture": "#0"}
			}
		},
		{
			"from": [4.5, 4, 4],
			"to": [6, 7.5, 4],
			"faces": {
				"north": {"uv": [2.75, 10, 3.5, 11.75], "texture": "#0"},
				"east": {"uv": [0, 0, 0, 7], "texture": "#0"},
				"south": {"uv": [3.5, 10, 2.75, 11.75], "texture": "#0"},
				"west": {"uv": [0, 0, 0, 7], "texture": "#0"},
				"up": {"uv": [0, 0, 3, 0], "texture": "#0"},
				"down": {"uv": [0, 0, 3, 0], "texture": "#0"}
			}
		},
		{
			"from": [8, 4, 5],
			"to": [8, 6.5, 10],
			"faces": {
				"north": {"uv": [0, 0, 0, 5], "texture": "#0"},
				"east": {"uv": [0.5, 6.5, 2.75, 7.75], "texture": "#0"},
				"south": {"uv": [0, 0, 0, 5], "texture": "#0"},
				"west": {"uv": [2.75, 6.5, 0.5, 7.75], "texture": "#0"},
				"up": {"uv": [0, 0, 0, 9], "texture": "#0"},
				"down": {"uv": [0, 0, 0, 9], "texture": "#0"}
			}
		},
		{
			"from": [5.25, 3.25, 5.5],
			"to": [6.75, 5.75, 5.5],
			"rotation": {"angle": 45, "axis": "x", "origin": [8, 5, 4]},
			"faces": {
				"north": {"uv": [0.5, 3.25, 1.25, 4.5], "texture": "#0"},
				"east": {"uv": [0, 0, 0, 5], "texture": "#0"},
				"south": {"uv": [1.25, 3.25, 2, 4.5], "texture": "#0"},
				"west": {"uv": [0, 0, 0, 5], "texture": "#0"},
				"up": {"uv": [0, 0, 3, 0], "texture": "#0"},
				"down": {"uv": [0, 0, 3, 0], "texture": "#0"}
			}
		},
		{
			"from": [5.25, 3.75, 9.25],
			"to": [6.75, 3.75, 11.75],
			"rotation": {"angle": 22.5, "axis": "x", "origin": [8, 5, 11]},
			"faces": {
				"north": {"uv": [0, 0, 3, 0], "rotation": 180, "texture": "#0"},
				"east": {"uv": [0, 0, 0, 5], "rotation": 90, "texture": "#0"},
				"south": {"uv": [0, 0, 3, 0], "texture": "#0"},
				"west": {"uv": [0, 0, 0, 5], "rotation": 270, "texture": "#0"},
				"up": {"uv": [1.25, 3.25, 2, 4.5], "texture": "#0"},
				"down": {"uv": [0.5, 3.25, 1.25, 4.5], "rotation": 180, "texture": "#0"}
			}
		},
		{
			"from": [9.25, 3.25, 5.5],
			"to": [10.75, 5.75, 5.5],
			"rotation": {"angle": 45, "axis": "x", "origin": [8, 5, 4]},
			"faces": {
				"north": {"uv": [0.5, 3.25, 1.25, 4.5], "texture": "#0"},
				"east": {"uv": [0, 0, 0, 5], "texture": "#0"},
				"south": {"uv": [1.25, 3.25, 2, 4.5], "texture": "#0"},
				"west": {"uv": [0, 0, 0, 5], "texture": "#0"},
				"up": {"uv": [0, 0, 3, 0], "texture": "#0"},
				"down": {"uv": [0, 0, 3, 0], "texture": "#0"}
			}
		},
		{
			"from": [9.25, 3.75, 9.25],
			"to": [10.75, 3.75, 11.75],
			"rotation": {"angle": 22.5, "axis": "x", "origin": [8, 5, 11]},
			"faces": {
				"north": {"uv": [0, 0, 3, 0], "rotation": 180, "texture": "#0"},
				"east": {"uv": [0, 0, 0, 5], "rotation": 90, "texture": "#0"},
				"south": {"uv": [0, 0, 3, 0], "texture": "#0"},
				"west": {"uv": [0, 0, 0, 5], "rotation": 270, "texture": "#0"},
				"up": {"uv": [1.25, 3.25, 2, 4.5], "texture": "#0"},
				"down": {"uv": [0.5, 3.25, 1.25, 4.5], "rotation": 180, "texture": "#0"}
			}
		},
		{
			"from": [8, 4, 10],
			"to": [8, 6.5, 16],
			"faces": {
				"north": {"uv": [0, 0, 0, 5], "texture": "#0"},
				"east": {"uv": [0.5, 7.75, 3.5, 9], "texture": "#0"},
				"south": {"uv": [0, 0, 0, 5], "texture": "#0"},
				"west": {"uv": [3.5, 7.75, 0.5, 9], "texture": "#0"},
				"up": {"uv": [0, 0, 0, 12], "texture": "#0"},
				"down": {"uv": [0, 0, 0, 12], "texture": "#0"}
			}
		}
	],
	"display": {
		"thirdperson_righthand": {
			"rotation": [90, 0, -90],
			"translation": [2.5, -2.75, 0]
		},
		"thirdperson_lefthand": {
			"rotation": [90, 0, -90],
			"translation": [2.5, -2.75, 0]
		},
		"gui": {
			"rotation": [-12, -180, 0]
		},
		"head": {
			"rotation": [10, 0, 0],
			"translation": [0, 15, 1.25],
			"scale": [2, 2, 2]
		},
		"fixed": {
			"rotation": [-90, 0, 0],
			"translation": [0, 0, -2.25],
			"scale": [0.5, 0.5, 0.5]
		}
	}
}