{
	"texture_size": [32, 32],
	"textures": {
		"0": "item/broken_halo"
	},
	"elements": [
		{
			"from": [8, 0, 0],
			"to": [12, 1, 2],
			"faces": {
				"north": {"uv": [0, 6.5, 2, 7], "texture": "#0"},
				"east": {"uv": [4, 7.5, 5, 8], "texture": "#0"},
				"south": {"uv": [7, 3, 9, 3.5], "texture": "#0"},
				"west": {"uv": [7.5, 7.5, 8.5, 8], "texture": "#0"},
				"up": {"uv": [4, 5, 2, 4], "texture": "#0"},
				"down": {"uv": [6, 4, 4, 5], "texture": "#0"}
			}
		},
		{
			"from": [7, 0, 0],
			"to": [8, 1, 1],
			"faces": {
				"north": {"uv": [9, 0.5, 9.5, 1], "texture": "#0"},
				"east": {"uv": [1, 9, 1.5, 9.5], "texture": "#0"},
				"south": {"uv": [9, 1, 9.5, 1.5], "texture": "#0"},
				"west": {"uv": [1.5, 9, 2, 9.5], "texture": "#0"},
				"up": {"uv": [9.5, 2, 9, 1.5], "texture": "#0"},
				"down": {"uv": [2.5, 9, 2, 9.5], "texture": "#0"}
			}
		},
		{
			"from": [7, 0, 1],
			"to": [8, 1, 2],
			"rotation": {"angle": 22.5, "axis": "z", "origin": [4, 0, 0]},
			"rotated": [0, 0, 22.5],
			"faces": {
				"north": {"uv": [2.5, 9, 3, 9.5], "texture": "#0"},
				"east": {"uv": [3, 9, 3.5, 9.5], "texture": "#0"},
				"south": {"uv": [9, 3, 9.5, 3.5], "texture": "#0"},
				"west": {"uv": [3.5, 9, 4, 9.5], "texture": "#0"},
				"up": {"uv": [9.5, 4, 9, 3.5], "texture": "#0"},
				"down": {"uv": [4.5, 9, 4, 9.5], "texture": "#0"}
			}
		},
		{
			"from": [5, 0, 0],
			"to": [7, 1, 2],
			"rotation": {"angle": 22.5, "axis": "z", "origin": [4, 0, 0]},
			"rotated": [0, 0, 22.5],
			"faces": {
				"north": {"uv": [4, 8.5, 5, 9], "texture": "#0"},
				"east": {"uv": [5, 8.5, 6, 9], "texture": "#0"},
				"south": {"uv": [6, 8.5, 7, 9], "texture": "#0"},
				"west": {"uv": [7, 8.5, 8, 9], "texture": "#0"},
				"up": {"uv": [1, 8.5, 0, 7.5], "texture": "#0"},
				"down": {"uv": [2, 7.5, 1, 8.5], "texture": "#0"}
			}
		},
		{
			"from": [4, 0, 0],
			"to": [5, 1, 1],
			"rotation": {"angle": 22.5, "axis": "z", "origin": [4, 0, 0]},
			"rotated": [0, 0, 22.5],
			"faces": {
				"north": {"uv": [4.5, 9, 5, 9.5], "texture": "#0"},
				"east": {"uv": [9, 4.5, 9.5, 5], "texture": "#0"},
				"south": {"uv": [5, 9, 5.5, 9.5], "texture": "#0"},
				"west": {"uv": [9, 5, 9.5, 5.5], "texture": "#0"},
				"up": {"uv": [6, 9.5, 5.5, 9], "texture": "#0"},
				"down": {"uv": [9.5, 5.5, 9, 6], "texture": "#0"}
			}
		},
		{
			"from": [1.07157, 0, -0.82843],
			"to": [2.07157, 1, 0.17157],
			"rotation": {"angle": -45, "axis": "y", "origin": [0, 0, 4]},
			"faces": {
				"north": {"uv": [6, 9, 6.5, 9.5], "texture": "#0"},
				"east": {"uv": [9, 6, 9.5, 6.5], "texture": "#0"},
				"south": {"uv": [6.5, 9, 7, 9.5], "texture": "#0"},
				"west": {"uv": [9, 6.5, 9.5, 7], "texture": "#0"},
				"up": {"uv": [7.5, 9.5, 7, 9], "texture": "#0"},
				"down": {"uv": [9.5, 7, 9, 7.5], "texture": "#0"}
			}
		},
		{
			"from": [0.07157, 0, 0.17157],
			"to": [2.07157, 1, 4.17157],
			"rotation": {"angle": -45, "axis": "y", "origin": [0, 0, 4]},
			"faces": {
				"north": {"uv": [8, 7, 9, 7.5], "texture": "#0"},
				"east": {"uv": [7, 3.5, 9, 4], "texture": "#0"},
				"south": {"uv": [8, 8, 9, 8.5], "texture": "#0"},
				"west": {"uv": [6, 7, 8, 7.5], "texture": "#0"},
				"up": {"uv": [6, 3, 5, 1], "texture": "#0"},
				"down": {"uv": [3, 5, 2, 7], "texture": "#0"}
			}
		},
		{
			"from": [0, 0, 4],
			"to": [2, 1, 12],
			"faces": {
				"north": {"uv": [8, 5, 9, 5.5], "texture": "#0"},
				"east": {"uv": [5, 0, 9, 0.5], "texture": "#0"},
				"south": {"uv": [8, 5.5, 9, 6], "texture": "#0"},
				"west": {"uv": [5, 0.5, 9, 1], "texture": "#0"},
				"up": {"uv": [1, 4, 0, 0], "texture": "#0"},
				"down": {"uv": [2, 0, 1, 4], "texture": "#0"}
			}
		},
		{
			"from": [8.29, 0, 6.4],
			"to": [14.29, 1, 8.4],
			"rotation": {"angle": -45, "axis": "y", "origin": [0, 0, 0]},
			"faces": {
				"north": {"uv": [6, 1, 9, 1.5], "texture": "#0"},
				"east": {"uv": [2, 8, 3, 8.5], "texture": "#0"},
				"south": {"uv": [6, 1.5, 9, 2], "texture": "#0"},
				"west": {"uv": [3, 8, 4, 8.5], "texture": "#0"},
				"up": {"uv": [5, 1, 2, 0], "texture": "#0"},
				"down": {"uv": [5, 1, 2, 2], "texture": "#0"}
			}
		},
		{
			"from": [4, 0, 14],
			"to": [8, 1, 16],
			"rotation": {"angle": 0, "axis": "z", "origin": [12, 3, 14]},
			"faces": {
				"north": {"uv": [7.5, 2.5, 9.5, 3], "texture": "#0"},
				"east": {"uv": [0, 9, 1, 9.5], "texture": "#0"},
				"south": {"uv": [7.5, 4, 9.5, 4.5], "texture": "#0"},
				"west": {"uv": [9, 0, 10, 0.5], "texture": "#0"},
				"up": {"uv": [7, 4, 5, 3], "texture": "#0"},
				"down": {"uv": [7, 5, 5, 6], "texture": "#0"}
			}
		},
		{
			"from": [8, 0, 14],
			"to": [9, 1, 15],
			"rotation": {"angle": 0, "axis": "z", "origin": [12, 3, 14]},
			"faces": {
				"north": {"uv": [9.5, 4.5, 10, 5], "texture": "#0"},
				"east": {"uv": [5, 9.5, 5.5, 10], "texture": "#0"},
				"south": {"uv": [9.5, 5, 10, 5.5], "texture": "#0"},
				"west": {"uv": [5.5, 9.5, 6, 10], "texture": "#0"},
				"up": {"uv": [10, 6, 9.5, 5.5], "texture": "#0"},
				"down": {"uv": [6.5, 9.5, 6, 10], "texture": "#0"}
			}
		},
		{
			"from": [8, 1.9, 15],
			"to": [9, 2.9, 16],
			"rotation": {"angle": 22.5, "axis": "z", "origin": [12, 3, 14]},
			"faces": {
				"north": {"uv": [9.5, 1.5, 10, 2], "texture": "#0"},
				"east": {"uv": [2, 9.5, 2.5, 10], "texture": "#0"},
				"south": {"uv": [9.5, 2, 10, 2.5], "texture": "#0"},
				"west": {"uv": [2.5, 9.5, 3, 10], "texture": "#0"},
				"up": {"uv": [10, 3, 9.5, 2.5], "texture": "#0"},
				"down": {"uv": [3.5, 9.5, 3, 10], "texture": "#0"}
			}
		},
		{
			"from": [9, 1.9, 14],
			"to": [12, 2.9, 16],
			"rotation": {"angle": 22.5, "axis": "z", "origin": [12, 3, 14]},
			"faces": {
				"north": {"uv": [7.5, 4.5, 9, 5], "texture": "#0"},
				"east": {"uv": [4, 8, 5, 8.5], "texture": "#0"},
				"south": {"uv": [6, 7.5, 7.5, 8], "texture": "#0"},
				"west": {"uv": [5, 8, 6, 8.5], "texture": "#0"},
				"up": {"uv": [7.5, 3, 6, 2], "texture": "#0"},
				"down": {"uv": [7.5, 4, 6, 5], "texture": "#0"}
			}
		},
		{
			"from": [18.7, 1.9, 2],
			"to": [19.7, 2.9, 3],
			"rotation": {"angle": -45, "axis": "y", "origin": [0, 0, 0]},
			"faces": {
				"north": {"uv": [9.5, 3, 10, 3.5], "texture": "#0"},
				"east": {"uv": [3.5, 9.5, 4, 10], "texture": "#0"},
				"south": {"uv": [9.5, 3.5, 10, 4], "texture": "#0"},
				"west": {"uv": [4, 9.5, 4.5, 10], "texture": "#0"},
				"up": {"uv": [10, 4.5, 9.5, 4], "texture": "#0"},
				"down": {"uv": [5, 9.5, 4.5, 10], "texture": "#0"}
			}
		},
		{
			"from": [17.7, 1.9, -3],
			"to": [19.7, 2.9, 2],
			"rotation": {"angle": -45, "axis": "y", "origin": [0, 0, 0]},
			"faces": {
				"north": {"uv": [0, 8.5, 1, 9], "texture": "#0"},
				"east": {"uv": [0, 7, 2.5, 7.5], "texture": "#0"},
				"south": {"uv": [1, 8.5, 2, 9], "texture": "#0"},
				"west": {"uv": [2.5, 7, 5, 7.5], "texture": "#0"},
				"up": {"uv": [1, 6.5, 0, 4], "texture": "#0"},
				"down": {"uv": [2, 4, 1, 6.5], "texture": "#0"}
			}
		},
		{
			"from": [14, 0, 8],
			"to": [16, 1, 12],
			"rotation": {"angle": -22.5, "axis": "x", "origin": [14, 0, 7]},
			"faces": {
				"north": {"uv": [8.5, 7.5, 9.5, 8], "texture": "#0"},
				"east": {"uv": [2, 7.5, 4, 8], "texture": "#0"},
				"south": {"uv": [8, 8.5, 9, 9], "texture": "#0"},
				"west": {"uv": [7.5, 2, 9.5, 2.5], "texture": "#0"},
				"up": {"uv": [4, 7, 3, 5], "texture": "#0"},
				"down": {"uv": [5, 5, 4, 7], "texture": "#0"}
			}
		},
		{
			"from": [14, 0, 7],
			"to": [15, 1, 8],
			"rotation": {"angle": -22.5, "axis": "x", "origin": [14, 0, 7]},
			"faces": {
				"north": {"uv": [7.5, 9, 8, 9.5], "texture": "#0"},
				"east": {"uv": [8, 9, 8.5, 9.5], "texture": "#0"},
				"south": {"uv": [9, 8, 9.5, 8.5], "texture": "#0"},
				"west": {"uv": [8.5, 9, 9, 9.5], "texture": "#0"},
				"up": {"uv": [9.5, 9, 9, 8.5], "texture": "#0"},
				"down": {"uv": [9.5, 9, 9, 9.5], "texture": "#0"}
			}
		},
		{
			"from": [15, 0, 6],
			"to": [16, 1, 7],
			"faces": {
				"north": {"uv": [0, 9.5, 0.5, 10], "texture": "#0"},
				"east": {"uv": [0.5, 9.5, 1, 10], "texture": "#0"},
				"south": {"uv": [9.5, 0.5, 10, 1], "texture": "#0"},
				"west": {"uv": [1, 9.5, 1.5, 10], "texture": "#0"},
				"up": {"uv": [10, 1.5, 9.5, 1], "texture": "#0"},
				"down": {"uv": [2, 9.5, 1.5, 10], "texture": "#0"}
			}
		},
		{
			"from": [14, 0, 4],
			"to": [16, 1, 6],
			"faces": {
				"north": {"uv": [6, 8, 7, 8.5], "texture": "#0"},
				"east": {"uv": [8, 6, 9, 6.5], "texture": "#0"},
				"south": {"uv": [8, 6.5, 9, 7], "texture": "#0"},
				"west": {"uv": [7, 8, 8, 8.5], "texture": "#0"},
				"up": {"uv": [6, 8, 5, 7], "texture": "#0"},
				"down": {"uv": [8, 5, 7, 6], "texture": "#0"}
			}
		},
		{
			"from": [8.29, 0, -8.4],
			"to": [14.29, 1, -6.4],
			"rotation": {"angle": -45, "axis": "y", "origin": [0, 0, 0]},
			"faces": {
				"north": {"uv": [5, 6, 8, 6.5], "texture": "#0"},
				"east": {"uv": [2, 8.5, 3, 9], "texture": "#0"},
				"south": {"uv": [5, 6.5, 8, 7], "texture": "#0"},
				"west": {"uv": [3, 8.5, 4, 9], "texture": "#0"},
				"up": {"uv": [5, 3, 2, 2], "texture": "#0"},
				"down": {"uv": [5, 3, 2, 4], "texture": "#0"}
			}
		}
	],
	"gui_light": "front",
	"display": {
		"thirdperson_righthand": {
			"translation": [0, 5, 2],
			"scale": [0.5, 0.5, 0.48]
		},
		"thirdperson_lefthand": {
			"translation": [0, 5, 2],
			"scale": [0.5, 0.5, 0.5]
		},
		"firstperson_righthand": {
			"translation": [5.5, 6, 0]
		},
		"firstperson_lefthand": {
			"translation": [5.5, 6, 0]
		},
		"ground": {
			"translation": [0, 1.25, 0],
			"scale": [0.5, 0.5, 0.5]
		},
		"gui": {
			"rotation": [17, 12, 10],
			"translation": [-0.75, 3.25, 0],
			"scale": [0.75, 0.75, 0.75]
		},
		"head": {
			"rotation": [7, 0, 6],
			"translation": [-0.5, 14.5, 0.25],
			"scale": [0.75, 0.75, 0.75]
		},
		"fixed": {
			"rotation": [-90, 0, 0],
			"translation": [0, 0, -8.75]
		}
	}
}