{
	"textures": {
		"0": "item/ephyllion_mask"
	},
	"elements": [
		{
			"from": [6, 0, 4],
			"to": [7, 1, 5],
			"faces": {
				"north": {"uv": [6.5, 7.5, 7, 8], "texture": "#0"},
				"east": {"uv": [6.5, 7.5, 7, 8], "texture": "#0"},
				"south": {"uv": [6.5, 7.5, 7, 8], "texture": "#0"},
				"west": {"uv": [6.5, 7.5, 7, 8], "texture": "#0"},
				"up": {"uv": [6.5, 7.5, 7, 8], "texture": "#0"},
				"down": {"uv": [6.5, 7.5, 7, 8], "texture": "#0"}
			}
		},
		{
			"from": [5, 1, 3],
			"to": [7, 2, 4],
			"faces": {
				"north": {"uv": [6.5, 7, 7.5, 7.5], "texture": "#0"},
				"east": {"uv": [6.5, 7, 7, 7.5], "texture": "#0"},
				"south": {"uv": [6.5, 7, 7.5, 7.5], "texture": "#0"},
				"west": {"uv": [7, 7, 7.5, 7.5], "texture": "#0"},
				"up": {"uv": [6.5, 7, 7.5, 7.5], "texture": "#0"},
				"down": {"uv": [6.5, 7, 7.5, 7.5], "texture": "#0"}
			}
		},
		{
			"from": [5, 2, 3],
			"to": [6, 3, 4],
			"faces": {
				"north": {"uv": [7, 6.5, 7.5, 7], "texture": "#0"},
				"east": {"uv": [7, 6.5, 7.5, 7], "texture": "#0"},
				"south": {"uv": [7, 6.5, 7.5, 7], "texture": "#0"},
				"west": {"uv": [0, 0, 1, 1], "texture": "#0"},
				"up": {"uv": [7, 6.5, 7.5, 7], "texture": "#0"},
				"down": {"uv": [0, 0, 1, 1], "texture": "#0"}
			}
		},
		{
			"from": [4, 2, 3],
			"to": [5, 5, 4],
			"faces": {
				"north": {"uv": [7.5, 5.5, 8, 7], "texture": "#0"},
				"east": {"uv": [7.5, 5.5, 8, 7], "texture": "#0"},
				"south": {"uv": [7.5, 5.5, 8, 7], "texture": "#0"},
				"west": {"uv": [7.5, 5.5, 8, 7], "texture": "#0"},
				"up": {"uv": [7.5, 5.5, 8, 6], "texture": "#0"},
				"down": {"uv": [7.5, 6.5, 8, 7], "texture": "#0"}
			}
		},
		{
			"from": [9, 0, 4],
			"to": [10, 1, 5],
			"faces": {
				"north": {"uv": [5, 7.5, 5.5, 8], "texture": "#0"},
				"east": {"uv": [5, 7.5, 5.5, 8], "texture": "#0"},
				"south": {"uv": [5, 7.5, 5.5, 8], "texture": "#0"},
				"west": {"uv": [5, 7.5, 5.5, 8], "texture": "#0"},
				"up": {"uv": [5, 7.5, 5.5, 8], "texture": "#0"},
				"down": {"uv": [5, 7.5, 5.5, 8], "texture": "#0"}
			}
		},
		{
			"from": [9, 1, 3],
			"to": [11, 2, 4],
			"faces": {
				"north": {"uv": [4.5, 7, 5.5, 7.5], "texture": "#0"},
				"east": {"uv": [4.5, 7, 5, 7.5], "texture": "#0"},
				"south": {"uv": [4.5, 7, 5.5, 7.5], "texture": "#0"},
				"west": {"uv": [5, 7, 5.5, 7.5], "texture": "#0"},
				"up": {"uv": [4.5, 7, 5.5, 7.5], "texture": "#0"},
				"down": {"uv": [4.5, 7, 5.5, 7.5], "texture": "#0"}
			}
		},
		{
			"from": [10, 2, 3],
			"to": [11, 3, 4],
			"faces": {
				"north": {"uv": [4.5, 6.5, 5, 7], "texture": "#0"},
				"east": {"uv": [0, 0, 1, 1], "texture": "#0"},
				"south": {"uv": [4.5, 6.5, 5, 7], "texture": "#0"},
				"west": {"uv": [4.5, 6.5, 5, 7], "texture": "#0"},
				"up": {"uv": [4.5, 6.5, 5, 7], "texture": "#0"},
				"down": {"uv": [0, 0, 1, 1], "texture": "#0"}
			}
		},
		{
			"from": [11, 2, 3],
			"to": [12, 5, 4],
			"faces": {
				"north": {"uv": [4, 5.5, 4.5, 7], "texture": "#0"},
				"east": {"uv": [4, 5.5, 4.5, 7], "texture": "#0"},
				"south": {"uv": [4, 5.5, 4.5, 7], "texture": "#0"},
				"west": {"uv": [4, 5.5, 4.5, 7], "texture": "#0"},
				"up": {"uv": [4, 5.5, 4.5, 6], "texture": "#0"},
				"down": {"uv": [4, 6.5, 4.5, 7], "texture": "#0"}
			}
		},
		{
			"from": [7, 3, 3],
			"to": [9, 4, 4],
			"faces": {
				"north": {"uv": [5.5, 6, 6.5, 6.5], "texture": "#0"},
				"east": {"uv": [5.5, 6, 6, 6.5], "texture": "#0"},
				"south": {"uv": [5.5, 6, 6.5, 6.5], "texture": "#0"},
				"west": {"uv": [6, 6, 6.5, 6.5], "texture": "#0"},
				"up": {"uv": [5.5, 6, 6.5, 6.5], "texture": "#0"},
				"down": {"uv": [5.5, 6, 6.5, 6.5], "texture": "#0"}
			}
		},
		{
			"from": [7, 4, 2],
			"to": [9, 6, 3],
			"faces": {
				"north": {"uv": [9.5, 0, 10.5, 1], "texture": "#0"},
				"east": {"uv": [9.5, 0, 10, 1], "texture": "#0"},
				"south": {"uv": [9.5, 0, 10.5, 1], "texture": "#0"},
				"west": {"uv": [10, 0, 10.5, 1], "texture": "#0"},
				"up": {"uv": [9.5, 0, 10.5, 0.5], "texture": "#0"},
				"down": {"uv": [9.5, 0.5, 10.5, 1], "texture": "#0"}
			}
		},
		{
			"from": [9, 4, 3],
			"to": [10, 5, 4],
			"faces": {
				"north": {"uv": [5, 5.5, 5.5, 6], "texture": "#0"},
				"east": {"uv": [5, 5.5, 5.5, 6], "texture": "#0"},
				"south": {"uv": [5, 5.5, 5.5, 6], "texture": "#0"},
				"west": {"uv": [5, 5.5, 5.5, 6], "texture": "#0"},
				"up": {"uv": [5, 5.5, 5.5, 6], "texture": "#0"},
				"down": {"uv": [5, 5.5, 5.5, 6], "texture": "#0"}
			}
		},
		{
			"from": [6, 4, 3],
			"to": [7, 5, 4],
			"faces": {
				"north": {"uv": [6.5, 5.5, 7, 6], "texture": "#0"},
				"east": {"uv": [6.5, 5.5, 7, 6], "texture": "#0"},
				"south": {"uv": [6.5, 5.5, 7, 6], "texture": "#0"},
				"west": {"uv": [6.5, 5.5, 7, 6], "texture": "#0"},
				"up": {"uv": [6.5, 5.5, 7, 6], "texture": "#0"},
				"down": {"uv": [6.5, 5.5, 7, 6], "texture": "#0"}
			}
		},
		{
			"from": [9, 5, 2],
			"to": [10, 8, 3],
			"faces": {
				"north": {"uv": [5, 4.5, 5.5, 6], "texture": "#0"},
				"east": {"uv": [5, 4.5, 5.5, 6], "texture": "#0"},
				"south": {"uv": [5, 4.5, 5.5, 6], "texture": "#0"},
				"west": {"uv": [5, 4.5, 5.5, 6], "texture": "#0"},
				"up": {"uv": [5, 4.5, 5.5, 5], "texture": "#0"},
				"down": {"uv": [5, 5.5, 5.5, 6], "texture": "#0"}
			}
		},
		{
			"from": [6, 5, 2],
			"to": [7, 8, 3],
			"faces": {
				"north": {"uv": [6.5, 4.5, 7, 6], "texture": "#0"},
				"east": {"uv": [6.5, 4.5, 7, 6], "texture": "#0"},
				"south": {"uv": [6.5, 4.5, 7, 6], "texture": "#0"},
				"west": {"uv": [6.5, 4.5, 7, 6], "texture": "#0"},
				"up": {"uv": [6.5, 4.5, 7, 5], "texture": "#0"},
				"down": {"uv": [6.5, 5.5, 7, 6], "texture": "#0"}
			}
		},
		{
			"from": [5, 7, 3],
			"to": [6, 9, 4],
			"faces": {
				"north": {"uv": [7, 4, 7.5, 5], "texture": "#0"},
				"east": {"uv": [7, 4, 7.5, 5], "texture": "#0"},
				"south": {"uv": [7, 4, 7.5, 5], "texture": "#0"},
				"west": {"uv": [7, 4, 7.5, 5], "texture": "#0"},
				"up": {"uv": [7, 4, 7.5, 4.5], "texture": "#0"},
				"down": {"uv": [7, 4.5, 7.5, 5], "texture": "#0"}
			}
		},
		{
			"from": [10, 7, 3],
			"to": [11, 9, 4],
			"faces": {
				"north": {"uv": [4.5, 4, 5, 5], "texture": "#0"},
				"east": {"uv": [4.5, 4, 5, 5], "texture": "#0"},
				"south": {"uv": [4.5, 4, 5, 5], "texture": "#0"},
				"west": {"uv": [4.5, 4, 5, 5], "texture": "#0"},
				"up": {"uv": [4.5, 4, 5, 4.5], "texture": "#0"},
				"down": {"uv": [4.5, 4.5, 5, 5], "texture": "#0"}
			}
		},
		{
			"from": [7, 7, 3],
			"to": [9, 9, 4],
			"faces": {
				"north": {"uv": [5.5, 3.5, 6.5, 4.5], "texture": "#0"},
				"east": {"uv": [5.5, 3.5, 6, 4.5], "texture": "#0"},
				"south": {"uv": [5.5, 3.5, 6.5, 4.5], "texture": "#0"},
				"west": {"uv": [6, 3.5, 6.5, 4.5], "texture": "#0"},
				"up": {"uv": [5.5, 3.5, 6.5, 4], "texture": "#0"},
				"down": {"uv": [5.5, 4, 6.5, 4.5], "texture": "#0"}
			}
		},
		{
			"from": [5, 9, 4],
			"to": [6, 10, 5],
			"faces": {
				"north": {"uv": [7, 3.5, 7.5, 4], "texture": "#0"},
				"east": {"uv": [7, 3.5, 7.5, 4], "texture": "#0"},
				"south": {"uv": [7, 3.5, 7.5, 4], "texture": "#0"},
				"west": {"uv": [7, 3.5, 7.5, 4], "texture": "#0"},
				"up": {"uv": [7, 3.5, 7.5, 4], "texture": "#0"},
				"down": {"uv": [7, 3.5, 7.5, 4], "texture": "#0"}
			}
		},
		{
			"from": [7, 9, 4],
			"to": [9, 10, 6],
			"faces": {
				"north": {"uv": [5.5, 3.5, 6.5, 4], "texture": "#0"},
				"east": {"uv": [5.5, 3, 6, 4], "texture": "#0"},
				"south": {"uv": [5.5, 3, 6.5, 3.5], "texture": "#0"},
				"west": {"uv": [6, 3, 6.5, 4], "texture": "#0"},
				"up": {"uv": [5.5, 3, 6.5, 4], "texture": "#0"},
				"down": {"uv": [5.5, 3, 6.5, 4], "texture": "#0"}
			}
		},
		{
			"from": [10, 9, 4],
			"to": [11, 10, 5],
			"faces": {
				"north": {"uv": [4.5, 3.5, 5, 4], "texture": "#0"},
				"east": {"uv": [4.5, 3.5, 5, 4], "texture": "#0"},
				"south": {"uv": [4.5, 3.5, 5, 4], "texture": "#0"},
				"west": {"uv": [5, 4, 4.5, 3.5], "texture": "#0"},
				"up": {"uv": [4.5, 3.5, 5, 4], "texture": "#0"},
				"down": {"uv": [4.5, 3.5, 5, 4], "texture": "#0"}
			}
		},
		{
			"from": [11, 9, 8],
			"to": [12, 10, 9],
			"faces": {
				"north": {"uv": [4, 1.5, 4.5, 2], "texture": "#0"},
				"east": {"uv": [4, 1.5, 4.5, 2], "texture": "#0"},
				"south": {"uv": [4, 1.5, 4.5, 2], "texture": "#0"},
				"west": {"uv": [4, 1.5, 4.5, 2], "texture": "#0"},
				"up": {"uv": [4, 1.5, 4.5, 2], "texture": "#0"},
				"down": {"uv": [4, 1.5, 4.5, 2], "texture": "#0"}
			}
		},
		{
			"from": [4, 9, 8],
			"to": [5, 10, 9],
			"faces": {
				"north": {"uv": [7.5, 1.5, 8, 2], "texture": "#0"},
				"east": {"uv": [7.5, 1.5, 8, 2], "texture": "#0"},
				"south": {"uv": [7.5, 1.5, 8, 2], "texture": "#0"},
				"west": {"uv": [7.5, 1.5, 8, 2], "texture": "#0"},
				"up": {"uv": [7.5, 1.5, 8, 2], "texture": "#0"},
				"down": {"uv": [7.5, 1.5, 8, 2], "texture": "#0"}
			}
		},
		{
			"from": [12, 7, 4],
			"to": [13, 8, 5],
			"faces": {
				"north": {"uv": [3.5, 4.5, 4, 5], "texture": "#0"},
				"east": {"uv": [3.5, 4.5, 4, 5], "texture": "#0"},
				"south": {"uv": [3.5, 4.5, 4, 5], "texture": "#0"},
				"west": {"uv": [3.5, 4.5, 4, 5], "texture": "#0"},
				"up": {"uv": [3.5, 4.5, 4, 5], "texture": "#0"},
				"down": {"uv": [3.5, 4.5, 4, 5], "texture": "#0"}
			}
		},
		{
			"from": [12, 8, 5],
			"to": [13, 9, 7],
			"faces": {
				"north": {"uv": [3, 4, 3.5, 4.5], "texture": "#0"},
				"east": {"uv": [2.5, 4, 3.5, 4.5], "texture": "#0"},
				"south": {"uv": [2.5, 4, 3, 4.5], "texture": "#0"},
				"west": {"uv": [2.5, 4, 3.5, 4.5], "texture": "#0"},
				"up": {"uv": [2.5, 4, 3.5, 4.5], "texture": "#0"},
				"down": {"uv": [2.5, 4, 3.5, 4.5], "texture": "#0"}
			}
		},
		{
			"from": [12, 4, 4],
			"to": [13, 6, 6],
			"faces": {
				"north": {"uv": [3.5, 5.5, 4, 6.5], "texture": "#0"},
				"east": {"uv": [3, 5.5, 4, 6.5], "texture": "#0"},
				"south": {"uv": [0, 0, 1, 2], "texture": "#0"},
				"west": {"uv": [3, 5.5, 4, 6.5], "texture": "#0"},
				"up": {"uv": [3, 5.5, 4, 6], "texture": "#0"},
				"down": {"uv": [3, 6, 4, 6.5], "texture": "#0"}
			}
		},
		{
			"from": [12, 4, 6],
			"to": [13, 6, 7],
			"faces": {
				"north": {"uv": [0, 0, 1, 2], "texture": "#0"},
				"east": {"uv": [2.5, 5.5, 3, 6.5], "texture": "#0"},
				"south": {"uv": [0, 0, 1, 2], "texture": "#0"},
				"west": {"uv": [2.5, 5.5, 3, 6.5], "texture": "#0"},
				"up": {"uv": [2.5, 5.5, 3, 6], "texture": "#0"},
				"down": {"uv": [2.5, 6, 3, 6.5], "texture": "#0"}
			}
		},
		{
			"from": [12, 4, 7],
			"to": [13, 7, 8],
			"faces": {
				"north": {"uv": [2, 5, 2.5, 6.5], "texture": "#0"},
				"east": {"uv": [2, 5, 2.5, 6.5], "texture": "#0"},
				"south": {"uv": [2, 5, 2.5, 6.5], "texture": "#0"},
				"west": {"uv": [2, 5, 2.5, 6.5], "texture": "#0"},
				"up": {"uv": [2, 5, 2.5, 5.5], "texture": "#0"},
				"down": {"uv": [2, 6, 2.5, 6.5], "texture": "#0"}
			}
		},
		{
			"from": [12, 5, 8],
			"to": [13, 7, 9],
			"faces": {
				"north": {"uv": [0, 0, 1, 2], "texture": "#0"},
				"east": {"uv": [1.5, 5, 2, 6], "texture": "#0"},
				"south": {"uv": [1.5, 5, 2, 6], "texture": "#0"},
				"west": {"uv": [1.5, 5, 2, 6], "texture": "#0"},
				"up": {"uv": [1.5, 5, 2, 5.5], "texture": "#0"},
				"down": {"uv": [1.5, 5.5, 2, 6], "texture": "#0"}
			}
		},
		{
			"from": [12, 6, 9],
			"to": [13, 8, 10],
			"faces": {
				"north": {"uv": [1, 4.5, 1.5, 5.5], "texture": "#0"},
				"east": {"uv": [1.5, 4.5, 1, 5.5], "texture": "#0"},
				"south": {"uv": [1, 4.5, 1.5, 5.5], "texture": "#0"},
				"west": {"uv": [1, 4.5, 1.5, 5.5], "texture": "#0"},
				"up": {"uv": [1, 4.5, 1.5, 5], "texture": "#0"},
				"down": {"uv": [1, 5, 1.5, 5.5], "texture": "#0"}
			}
		},
		{
			"from": [12, 8, 8],
			"to": [13, 9, 9],
			"faces": {
				"north": {"uv": [1.5, 4, 2, 4.5], "texture": "#0"},
				"east": {"uv": [1.5, 4, 2, 4.5], "texture": "#0"},
				"south": {"uv": [1.5, 4, 2, 4.5], "texture": "#0"},
				"west": {"uv": [1.5, 4, 2, 4.5], "texture": "#0"},
				"up": {"uv": [1.5, 4, 2, 4.5], "texture": "#0"},
				"down": {"uv": [1.5, 4, 2, 4.5], "texture": "#0"}
			}
		},
		{
			"from": [13, 6, 4],
			"to": [14, 7, 6],
			"faces": {
				"north": {"uv": [3.5, 5, 4, 5.5], "texture": "#0"},
				"east": {"uv": [3, 5, 4, 5.5], "texture": "#0"},
				"south": {"uv": [3, 5, 3.5, 5.5], "texture": "#0"},
				"west": {"uv": [3, 5, 4, 5.5], "texture": "#0"},
				"up": {"uv": [3, 5, 4, 5.5], "texture": "#0"},
				"down": {"uv": [3, 5, 4, 5.5], "texture": "#0"}
			}
		},
		{
			"from": [13, 7, 5],
			"to": [14, 8, 9],
			"faces": {
				"north": {"uv": [3, 4.5, 3.5, 5], "texture": "#0"},
				"east": {"uv": [1.5, 4.5, 3.5, 5], "texture": "#0"},
				"south": {"uv": [1.5, 4.5, 2, 5], "texture": "#0"},
				"west": {"uv": [1.5, 4.5, 3.5, 5], "texture": "#0"},
				"up": {"uv": [1.5, 4.5, 3.5, 5], "texture": "#0"},
				"down": {"uv": [1.5, 4.5, 3.5, 5], "texture": "#0"}
			}
		},
		{
			"from": [3, 7, 4],
			"to": [4, 8, 5],
			"faces": {
				"north": {"uv": [3.5, 4.5, 4, 5], "texture": "#0"},
				"east": {"uv": [3.5, 4.5, 4, 5], "texture": "#0"},
				"south": {"uv": [3.5, 4.5, 4, 5], "texture": "#0"},
				"west": {"uv": [3.5, 4.5, 4, 5], "texture": "#0"},
				"up": {"uv": [3.5, 4.5, 4, 5], "texture": "#0"},
				"down": {"uv": [3.5, 4.5, 4, 5], "texture": "#0"}
			}
		},
		{
			"from": [3, 8, 5],
			"to": [4, 9, 7],
			"faces": {
				"north": {"uv": [3, 4, 3.5, 4.5], "texture": "#0"},
				"east": {"uv": [2.5, 4, 3.5, 4.5], "texture": "#0"},
				"south": {"uv": [2.5, 4, 3, 4.5], "texture": "#0"},
				"west": {"uv": [2.5, 4, 3.5, 4.5], "texture": "#0"},
				"up": {"uv": [2.5, 4, 3.5, 4.5], "texture": "#0"},
				"down": {"uv": [2.5, 4, 3.5, 4.5], "texture": "#0"}
			}
		},
		{
			"from": [3, 4, 4],
			"to": [4, 6, 6],
			"faces": {
				"north": {"uv": [3.5, 5.5, 4, 6.5], "texture": "#0"},
				"east": {"uv": [3, 5.5, 4, 6.5], "texture": "#0"},
				"south": {"uv": [0, 0, 1, 2], "texture": "#0"},
				"west": {"uv": [3, 5.5, 4, 6.5], "texture": "#0"},
				"up": {"uv": [3, 5.5, 4, 6], "texture": "#0"},
				"down": {"uv": [3, 6, 4, 6.5], "texture": "#0"}
			}
		},
		{
			"from": [3, 4, 6],
			"to": [4, 6, 7],
			"faces": {
				"north": {"uv": [0, 0, 1, 2], "texture": "#0"},
				"east": {"uv": [2.5, 5.5, 3, 6.5], "texture": "#0"},
				"south": {"uv": [0, 0, 1, 2], "texture": "#0"},
				"west": {"uv": [2.5, 5.5, 3, 6.5], "texture": "#0"},
				"up": {"uv": [2.5, 5.5, 3, 6], "texture": "#0"},
				"down": {"uv": [2.5, 6, 3, 6.5], "texture": "#0"}
			}
		},
		{
			"from": [3, 4, 7],
			"to": [4, 7, 8],
			"faces": {
				"north": {"uv": [2, 5, 2.5, 6.5], "texture": "#0"},
				"east": {"uv": [2, 5, 2.5, 6.5], "texture": "#0"},
				"south": {"uv": [2, 5, 2.5, 6.5], "texture": "#0"},
				"west": {"uv": [2, 5, 2.5, 6.5], "texture": "#0"},
				"up": {"uv": [2, 5, 2.5, 5.5], "texture": "#0"},
				"down": {"uv": [2, 6, 2.5, 6.5], "texture": "#0"}
			}
		},
		{
			"from": [3, 5, 8],
			"to": [4, 7, 9],
			"faces": {
				"north": {"uv": [0, 0, 1, 2], "texture": "#0"},
				"east": {"uv": [1.5, 5, 2, 6], "texture": "#0"},
				"south": {"uv": [1.5, 5, 2, 6], "texture": "#0"},
				"west": {"uv": [1.5, 5, 2, 6], "texture": "#0"},
				"up": {"uv": [1.5, 5, 2, 5.5], "texture": "#0"},
				"down": {"uv": [1.5, 5.5, 2, 6], "texture": "#0"}
			}
		},
		{
			"from": [3, 6, 9],
			"to": [4, 8, 10],
			"faces": {
				"north": {"uv": [1, 4.5, 1.5, 5.5], "texture": "#0"},
				"east": {"uv": [1.5, 4.5, 1, 5.5], "texture": "#0"},
				"south": {"uv": [1, 4.5, 1.5, 5.5], "texture": "#0"},
				"west": {"uv": [1, 4.5, 1.5, 5.5], "texture": "#0"},
				"up": {"uv": [1, 4.5, 1.5, 5], "texture": "#0"},
				"down": {"uv": [1, 5, 1.5, 5.5], "texture": "#0"}
			}
		},
		{
			"from": [3, 8, 8],
			"to": [4, 9, 9],
			"faces": {
				"north": {"uv": [1.5, 4, 2, 4.5], "texture": "#0"},
				"east": {"uv": [1.5, 4, 2, 4.5], "texture": "#0"},
				"south": {"uv": [1.5, 4, 2, 4.5], "texture": "#0"},
				"west": {"uv": [1.5, 4, 2, 4.5], "texture": "#0"},
				"up": {"uv": [1.5, 4, 2, 4.5], "texture": "#0"},
				"down": {"uv": [1.5, 4, 2, 4.5], "texture": "#0"}
			}
		},
		{
			"from": [2, 6, 4],
			"to": [3, 7, 6],
			"faces": {
				"north": {"uv": [3.5, 5, 4, 5.5], "texture": "#0"},
				"east": {"uv": [3, 5, 4, 5.5], "texture": "#0"},
				"south": {"uv": [3, 5, 3.5, 5.5], "texture": "#0"},
				"west": {"uv": [3, 5, 4, 5.5], "texture": "#0"},
				"up": {"uv": [3, 5, 4, 5.5], "texture": "#0"},
				"down": {"uv": [3, 5, 4, 5.5], "texture": "#0"}
			}
		},
		{
			"from": [2, 7, 5],
			"to": [3, 8, 9],
			"faces": {
				"north": {"uv": [3, 4.5, 3.5, 5], "texture": "#0"},
				"east": {"uv": [1.5, 4.5, 3.5, 5], "texture": "#0"},
				"south": {"uv": [1.5, 4.5, 2, 5], "texture": "#0"},
				"west": {"uv": [1.5, 4.5, 3.5, 5], "texture": "#0"},
				"up": {"uv": [1.5, 4.5, 3.5, 5], "texture": "#0"},
				"down": {"uv": [1.5, 4.5, 3.5, 5], "texture": "#0"}
			}
		}
	],
	"display": {
		"thirdperson_righthand": {
			"rotation": [45, 0, 0],
			"translation": [0, 1, 1.5],
			"scale": [0.5, 0.5, 0.5]
		},
		"thirdperson_lefthand": {
			"rotation": [45, 0, 0],
			"translation": [0, 1, 1.5],
			"scale": [0.5, 0.5, 0.5]
		},
		"firstperson_righthand": {
			"translation": [0, 2.5, 0]
		},
		"firstperson_lefthand": {
			"translation": [0, 2.5, 0]
		},
		"ground": {
			"translation": [0, -0.5, 0],
			"scale": [0.5, 0.5, 0.5]
		},
		"gui": {
			"rotation": [20, 160, 0],
			"translation": [1, 2, 0]
		},
		"head": {
			"translation": [0, 4.75, 0],
			"scale": [1.6, 1.6, 1.6]
		},
		"fixed": {
			"translation": [0, 2.5, 2.75]
		}
	},
	"groups": [
		{
			"name": "north",
			"origin": [8, 8, 8],
			"color": 0,
			"children": [0, 1, 2, 3, 4, 5, 6, 7, 8, 9, 10, 11, 12, 13, 14, 15, 16]
		},
		{
			"name": "top",
			"origin": [8, 8, 8],
			"color": 0,
			"children": [17, 18, 19, 20, 21]
		},
		{
			"name": "east",
			"origin": [0, 0, 0],
			"color": 0,
			"children": [22, 23, 24, 25, 26, 27, 28, 29, 30, 31]
		},
		{
			"name": "west",
			"origin": [0, 0, 0],
			"color": 0,
			"children": [32, 33, 34, 35, 36, 37, 38, 39, 40, 41]
		}
	]
}