{
	"textures": {
		"0": "item/ev_flower_hat"
	},
	"elements": [
		{
			"from": [11, 4, 3],
			"to": [12, 7, 4],
			"faces": {
				"north": {"uv": [8, 1, 9, 4], "texture": "#0"},
				"east": {"uv": [8, 1, 9, 4], "texture": "#0"},
				"south": {"uv": [8, 1, 9, 4], "texture": "#0"},
				"west": {"uv": [8, 1, 9, 4], "texture": "#0"},
				"up": {"uv": [8, 1, 9, 2], "texture": "#0"},
				"down": {"uv": [8, 3, 9, 4], "texture": "#0"}
			}
		},
		{
			"from": [10, 4, 3],
			"to": [11, 6, 4],
			"faces": {
				"north": {"uv": [9, 2, 10, 4], "texture": "#0"},
				"east": {"uv": [0, 0, 1, 2], "texture": "#0"},
				"south": {"uv": [9, 2, 10, 4], "texture": "#0"},
				"west": {"uv": [9, 2, 10, 4], "texture": "#0"},
				"up": {"uv": [9, 2, 10, 3], "texture": "#0"},
				"down": {"uv": [9, 3, 10, 4], "texture": "#0"}
			}
		},
		{
			"from": [9, 5, 3],
			"to": [10, 6, 4],
			"faces": {
				"north": {"uv": [10, 2, 11, 3], "texture": "#0"},
				"east": {"uv": [0, 0, 1, 1], "texture": "#0"},
				"south": {"uv": [10, 2, 11, 3], "texture": "#0"},
				"west": {"uv": [0, 0, 1, 1], "texture": "#0"},
				"up": {"uv": [10, 2, 11, 3], "texture": "#0"},
				"down": {"uv": [10, 2, 11, 3], "texture": "#0"}
			}
		},
		{
			"from": [8, 5, 3],
			"to": [9, 7, 4],
			"faces": {
				"north": {"uv": [11, 1, 12, 3], "texture": "#0"},
				"east": {"uv": [11, 1, 12, 3], "texture": "#0"},
				"south": {"uv": [11, 1, 12, 3], "texture": "#0"},
				"west": {"uv": [0, 0, 1, 2], "texture": "#0"},
				"up": {"uv": [11, 1, 12, 2], "texture": "#0"},
				"down": {"uv": [11, 2, 12, 3], "texture": "#0"}
			}
		},
		{
			"from": [7, 5, 3],
			"to": [8, 8, 4],
			"faces": {
				"north": {"uv": [12, 0, 13, 3], "texture": "#0"},
				"east": {"uv": [12, 0, 13, 3], "texture": "#0"},
				"south": {"uv": [12, 0, 13, 3], "texture": "#0"},
				"west": {"uv": [12, 0, 13, 3], "texture": "#0"},
				"up": {"uv": [12, 0, 13, 1], "texture": "#0"},
				"down": {"uv": [12, 2, 13, 3], "texture": "#0"}
			}
		},
		{
			"from": [6, 5, 3],
			"to": [7, 7, 4],
			"faces": {
				"north": {"uv": [13, 1, 14, 3], "texture": "#0"},
				"east": {"uv": [0, 0, 1, 2], "texture": "#0"},
				"south": {"uv": [13, 1, 14, 3], "texture": "#0"},
				"west": {"uv": [13, 1, 14, 3], "texture": "#0"},
				"up": {"uv": [13, 1, 14, 2], "texture": "#0"},
				"down": {"uv": [13, 2, 14, 3], "texture": "#0"}
			}
		},
		{
			"from": [4, 4, 3],
			"to": [6, 6, 4],
			"faces": {
				"north": {"uv": [14, 2, 16, 4], "texture": "#0"},
				"east": {"uv": [14, 2, 15, 4], "texture": "#0"},
				"south": {"uv": [14, 2, 16, 4], "texture": "#0"},
				"west": {"uv": [15, 2, 16, 4], "texture": "#0"},
				"up": {"uv": [14, 2, 16, 3], "texture": "#0"},
				"down": {"uv": [14, 3, 16, 4], "texture": "#0"}
			}
		},
		{
			"from": [4, 2, 12],
			"to": [5, 5, 13],
			"faces": {
				"north": {"uv": [8, 9, 9, 12], "texture": "#0"},
				"east": {"uv": [8, 9, 9, 12], "texture": "#0"},
				"south": {"uv": [8, 9, 9, 12], "texture": "#0"},
				"west": {"uv": [8, 9, 9, 12], "texture": "#0"},
				"up": {"uv": [8, 9, 9, 10], "texture": "#0"},
				"down": {"uv": [8, 11, 9, 12], "texture": "#0"}
			}
		},
		{
			"from": [5, 2, 12],
			"to": [7, 4, 13],
			"faces": {
				"north": {"uv": [9, 10, 11, 12], "texture": "#0"},
				"east": {"uv": [0, 0, 1, 2], "texture": "#0"},
				"south": {"uv": [9, 10, 11, 12], "texture": "#0"},
				"west": {"uv": [0, 0, 1, 2], "texture": "#0"},
				"up": {"uv": [9, 10, 11, 11], "texture": "#0"},
				"down": {"uv": [9, 11, 11, 12], "texture": "#0"}
			}
		},
		{
			"from": [7, 1, 12],
			"to": [8, 4, 13],
			"faces": {
				"north": {"uv": [11, 10, 12, 13], "texture": "#0"},
				"east": {"uv": [11, 10, 12, 13], "texture": "#0"},
				"south": {"uv": [11, 10, 12, 13], "texture": "#0"},
				"west": {"uv": [11, 10, 12, 13], "texture": "#0"},
				"up": {"uv": [11, 10, 12, 11], "texture": "#0"},
				"down": {"uv": [11, 12, 12, 13], "texture": "#0"}
			}
		},
		{
			"from": [8, 2, 12],
			"to": [10, 5, 13],
			"faces": {
				"north": {"uv": [12, 9, 14, 12], "texture": "#0"},
				"east": {"uv": [13, 9, 14, 12], "texture": "#0"},
				"south": {"uv": [12, 9, 14, 12], "texture": "#0"},
				"west": {"uv": [12, 9, 13, 12], "texture": "#0"},
				"up": {"uv": [12, 9, 14, 10], "texture": "#0"},
				"down": {"uv": [12, 11, 14, 12], "texture": "#0"}
			}
		},
		{
			"from": [10, 1, 12],
			"to": [11, 4, 13],
			"faces": {
				"north": {"uv": [14, 10, 15, 13], "texture": "#0"},
				"east": {"uv": [0, 0, 1, 3], "texture": "#0"},
				"south": {"uv": [14, 10, 15, 13], "texture": "#0"},
				"west": {"uv": [14, 10, 15, 13], "texture": "#0"},
				"up": {"uv": [14, 10, 15, 11], "texture": "#0"},
				"down": {"uv": [14, 12, 15, 13], "texture": "#0"}
			}
		},
		{
			"from": [11, 1, 12],
			"to": [12, 5, 13],
			"faces": {
				"north": {"uv": [15, 9, 16, 13], "texture": "#0"},
				"east": {"uv": [15, 9, 16, 13], "texture": "#0"},
				"south": {"uv": [15, 9, 16, 13], "texture": "#0"},
				"west": {"uv": [15, 9, 16, 13], "texture": "#0"},
				"up": {"uv": [15, 9, 16, 10], "texture": "#0"},
				"down": {"uv": [15, 12, 16, 13], "texture": "#0"}
			}
		},
		{
			"from": [12, 1, 11],
			"to": [13, 6, 12],
			"faces": {
				"north": {"uv": [0, 2, 1, 7], "texture": "#0"},
				"east": {"uv": [0, 2, 1, 7], "texture": "#0"},
				"south": {"uv": [0, 2, 1, 7], "texture": "#0"},
				"west": {"uv": [0, 2, 1, 7], "texture": "#0"},
				"up": {"uv": [0, 2, 1, 3], "texture": "#0"},
				"down": {"uv": [0, 6, 1, 7], "texture": "#0"}
			}
		},
		{
			"from": [12, 2, 10],
			"to": [13, 5, 11],
			"faces": {
				"north": {"uv": [1, 3, 2, 6], "texture": "#0"},
				"east": {"uv": [1, 3, 2, 6], "texture": "#0"},
				"south": {"uv": [0, 0, 1, 3], "texture": "#0"},
				"west": {"uv": [1, 3, 2, 6], "texture": "#0"},
				"up": {"uv": [1, 3, 2, 4], "texture": "#0"},
				"down": {"uv": [1, 5, 2, 6], "texture": "#0"}
			}
		},
		{
			"from": [12, 5, 9],
			"to": [13, 6, 10],
			"faces": {
				"north": {"uv": [0, 0, 1, 1], "texture": "#0"},
				"east": {"uv": [2, 2, 3, 3], "texture": "#0"},
				"south": {"uv": [2, 2, 3, 3], "texture": "#0"},
				"west": {"uv": [2, 2, 3, 3], "texture": "#0"},
				"up": {"uv": [2, 2, 3, 3], "texture": "#0"},
				"down": {"uv": [2, 2, 3, 3], "texture": "#0"}
			}
		},
		{
			"from": [12, 1, 9],
			"to": [13, 4, 10],
			"faces": {
				"north": {"uv": [2, 4, 3, 7], "texture": "#0"},
				"east": {"uv": [2, 4, 3, 7], "texture": "#0"},
				"south": {"uv": [2, 4, 3, 7], "texture": "#0"},
				"west": {"uv": [2, 4, 3, 7], "texture": "#0"},
				"up": {"uv": [2, 4, 3, 5], "texture": "#0"},
				"down": {"uv": [2, 6, 3, 7], "texture": "#0"}
			}
		},
		{
			"from": [12, 2, 8],
			"to": [13, 7, 9],
			"faces": {
				"north": {"uv": [3, 1, 4, 6], "texture": "#0"},
				"east": {"uv": [3, 1, 4, 6], "texture": "#0"},
				"south": {"uv": [3, 1, 4, 6], "texture": "#0"},
				"west": {"uv": [3, 1, 4, 6], "texture": "#0"},
				"up": {"uv": [3, 1, 4, 2], "texture": "#0"},
				"down": {"uv": [3, 5, 4, 6], "texture": "#0"}
			}
		},
		{
			"from": [12, 3, 7],
			"to": [13, 6, 8],
			"faces": {
				"north": {"uv": [4, 2, 5, 5], "texture": "#0"},
				"east": {"uv": [4, 2, 5, 5], "texture": "#0"},
				"south": {"uv": [0, 0, 1, 3], "texture": "#0"},
				"west": {"uv": [4, 2, 5, 5], "texture": "#0"},
				"up": {"uv": [4, 2, 5, 3], "texture": "#0"},
				"down": {"uv": [4, 4, 5, 5], "texture": "#0"}
			}
		},
		{
			"from": [12, 2, 6],
			"to": [13, 5, 7],
			"faces": {
				"north": {"uv": [5, 3, 6, 6], "texture": "#0"},
				"east": {"uv": [5, 3, 6, 6], "texture": "#0"},
				"south": {"uv": [5, 3, 6, 6], "texture": "#0"},
				"west": {"uv": [5, 3, 6, 6], "texture": "#0"},
				"up": {"uv": [5, 3, 6, 4], "texture": "#0"},
				"down": {"uv": [5, 5, 6, 6], "texture": "#0"}
			}
		},
		{
			"from": [12, 3, 5],
			"to": [13, 5, 6],
			"faces": {
				"north": {"uv": [6, 3, 7, 5], "texture": "#0"},
				"east": {"uv": [6, 3, 7, 5], "texture": "#0"},
				"south": {"uv": [0, 0, 1, 2], "texture": "#0"},
				"west": {"uv": [6, 3, 7, 5], "texture": "#0"},
				"up": {"uv": [6, 3, 7, 4], "texture": "#0"},
				"down": {"uv": [6, 4, 7, 5], "texture": "#0"}
			}
		},
		{
			"from": [12, 4, 4],
			"to": [13, 6, 5],
			"faces": {
				"north": {"uv": [7, 2, 8, 4], "texture": "#0"},
				"east": {"uv": [7, 2, 8, 4], "texture": "#0"},
				"south": {"uv": [7, 2, 8, 4], "texture": "#0"},
				"west": {"uv": [7, 2, 8, 4], "texture": "#0"},
				"up": {"uv": [7, 2, 8, 3], "texture": "#0"},
				"down": {"uv": [7, 3, 8, 4], "texture": "#0"}
			}
		},
		{
			"from": [3, 4, 4],
			"to": [4, 6, 5],
			"faces": {
				"north": {"uv": [0, 8, 1, 10], "texture": "#0"},
				"east": {"uv": [0, 8, 1, 10], "texture": "#0"},
				"south": {"uv": [0, 0, 1, 2], "texture": "#0"},
				"west": {"uv": [0, 8, 1, 10], "texture": "#0"},
				"up": {"uv": [0, 8, 1, 9], "texture": "#0"},
				"down": {"uv": [0, 9, 1, 10], "texture": "#0"}
			}
		},
		{
			"from": [3, 3, 5],
			"to": [4, 7, 6],
			"faces": {
				"north": {"uv": [1, 7, 2, 11], "texture": "#0"},
				"east": {"uv": [1, 7, 2, 11], "texture": "#0"},
				"south": {"uv": [1, 7, 2, 11], "texture": "#0"},
				"west": {"uv": [1, 7, 2, 11], "texture": "#0"},
				"up": {"uv": [1, 7, 2, 8], "texture": "#0"},
				"down": {"uv": [1, 10, 2, 11], "texture": "#0"}
			}
		},
		{
			"from": [3, 2, 6],
			"to": [4, 6, 7],
			"faces": {
				"north": {"uv": [2, 8, 3, 12], "texture": "#0"},
				"east": {"uv": [2, 8, 3, 12], "texture": "#0"},
				"south": {"uv": [2, 8, 3, 12], "texture": "#0"},
				"west": {"uv": [2, 8, 3, 12], "texture": "#0"},
				"up": {"uv": [2, 8, 3, 9], "texture": "#0"},
				"down": {"uv": [2, 11, 3, 12], "texture": "#0"}
			}
		},
		{
			"from": [3, 3, 7],
			"to": [4, 5, 8],
			"faces": {
				"north": {"uv": [0, 0, 1, 2], "texture": "#0"},
				"east": {"uv": [3, 9, 4, 11], "texture": "#0"},
				"south": {"uv": [0, 0, 1, 2], "texture": "#0"},
				"west": {"uv": [3, 9, 4, 11], "texture": "#0"},
				"up": {"uv": [3, 9, 4, 10], "texture": "#0"},
				"down": {"uv": [3, 10, 4, 11], "texture": "#0"}
			}
		},
		{
			"from": [3, 2, 8],
			"to": [4, 6, 9],
			"faces": {
				"north": {"uv": [4, 8, 5, 12], "texture": "#0"},
				"east": {"uv": [4, 8, 5, 12], "texture": "#0"},
				"south": {"uv": [4, 8, 5, 12], "texture": "#0"},
				"west": {"uv": [4, 8, 5, 12], "texture": "#0"},
				"up": {"uv": [4, 8, 5, 9], "texture": "#0"},
				"down": {"uv": [4, 11, 5, 12], "texture": "#0"}
			}
		},
		{
			"from": [3, 1, 9],
			"to": [4, 5, 10],
			"faces": {
				"north": {"uv": [5, 9, 6, 13], "texture": "#0"},
				"east": {"uv": [5, 9, 6, 13], "texture": "#0"},
				"south": {"uv": [5, 9, 6, 13], "texture": "#0"},
				"west": {"uv": [5, 9, 6, 13], "texture": "#0"},
				"up": {"uv": [5, 9, 6, 10], "texture": "#0"},
				"down": {"uv": [5, 12, 6, 13], "texture": "#0"}
			}
		},
		{
			"from": [3, 2, 10],
			"to": [4, 6, 11],
			"faces": {
				"north": {"uv": [6, 8, 7, 12], "texture": "#0"},
				"east": {"uv": [6, 8, 7, 12], "texture": "#0"},
				"south": {"uv": [6, 8, 7, 12], "texture": "#0"},
				"west": {"uv": [6, 8, 7, 12], "texture": "#0"},
				"up": {"uv": [6, 8, 7, 9], "texture": "#0"},
				"down": {"uv": [6, 11, 7, 12], "texture": "#0"}
			}
		},
		{
			"from": [3, 2, 11],
			"to": [4, 5, 12],
			"faces": {
				"north": {"uv": [0, 0, 1, 3], "texture": "#0"},
				"east": {"uv": [7, 9, 8, 12], "texture": "#0"},
				"south": {"uv": [7, 9, 8, 12], "texture": "#0"},
				"west": {"uv": [7, 9, 8, 12], "texture": "#0"},
				"up": {"uv": [7, 9, 8, 10], "texture": "#0"},
				"down": {"uv": [7, 11, 8, 12], "texture": "#0"}
			}
		}
	],
	"display": {
		"thirdperson_righthand": {
			"rotation": [45, 0, 0],
			"translation": [0, 1, 1.5],
			"scale": [0.5, 0.5, 0.5]
		},
		"thirdperson_lefthand": {
			"rotation": [45, 0, 0],
			"translation": [0, 1, 1.5],
			"scale": [0.5, 0.5, 0.5]
		},
		"firstperson_righthand": {
			"translation": [0, 2.5, 0]
		},
		"firstperson_lefthand": {
			"translation": [0, 2.5, 0]
		},
		"ground": {
			"translation": [0, -0.5, 0],
			"scale": [0.5, 0.5, 0.5]
		},
		"gui": {
			"rotation": [30, 145, 0],
			"translation": [0, 2, 0]
		},
		"head": {
			"translation": [0, 8, 0],
			"scale": [1.6, 1.6, 1.6]
		},
		"fixed": {
			"rotation": [-90, 0, 0],
			"translation": [0, 0, -4.25]
		}
	},
	"groups": [
		{
			"name": "north",
			"origin": [8, 8, 8],
			"color": 0,
			"children": [0, 1, 2, 3, 4, 5, 6]
		},
		{
			"name": "south",
			"origin": [0, 0, 0],
			"color": 0,
			"children": [7, 8, 9, 10, 11, 12]
		},
		{
			"name": "east",
			"origin": [8, 8, 8],
			"color": 0,
			"children": [13, 14, 15, 16, 17, 18, 19, 20, 21]
		},
		{
			"name": "west",
			"origin": [8, 8, 8],
			"color": 0,
			"children": [22, 23, 24, 25, 26, 27, 28, 29]
		}
	]
}