{
	"texture_size": [64, 64],
	"textures": {
		"0": "item/race_helmet"
	},
	"elements": [
		{
			"from": [3, 1, 4],
			"to": [4, 9, 12],
			"faces": {
				"north": {"uv": [6, 2.25, 6.25, 4.25], "texture": "#0"},
				"east": {"uv": [0, 0, 2, 2], "texture": "#0"},
				"south": {"uv": [4, 6, 4.25, 8], "texture": "#0"},
				"west": {"uv": [0, 2, 2, 4], "texture": "#0"},
				"up": {"uv": [4.5, 8, 4.25, 6], "texture": "#0"},
				"down": {"uv": [6.25, 4.25, 6, 6.25], "texture": "#0"}
			}
		},
		{
			"from": [12, 1, 4],
			"to": [13, 9, 12],
			"faces": {
				"north": {"uv": [4.5, 6, 4.75, 8], "texture": "#0"},
				"east": {"uv": [2, 0, 4, 2], "texture": "#0"},
				"south": {"uv": [4.75, 6, 5, 8], "texture": "#0"},
				"west": {"uv": [2, 2, 4, 4], "texture": "#0"},
				"up": {"uv": [5.25, 8, 5, 6], "texture": "#0"},
				"down": {"uv": [5.5, 6, 5.25, 8], "texture": "#0"}
			}
		},
		{
			"from": [4, 1, 12],
			"to": [12, 9, 13],
			"faces": {
				"north": {"uv": [0, 4, 2, 6], "texture": "#0"},
				"east": {"uv": [5.5, 6, 5.75, 8], "texture": "#0"},
				"south": {"uv": [4, 0, 6, 2], "texture": "#0"},
				"west": {"uv": [5.75, 6, 6, 8], "texture": "#0"},
				"up": {"uv": [4, 6.5, 2, 6.25], "texture": "#0"},
				"down": {"uv": [8.25, 2.25, 6.25, 2.5], "texture": "#0"}
			}
		},
		{
			"from": [4, 9, 4],
			"to": [12, 10, 12],
			"faces": {
				"north": {"uv": [6.25, 2.5, 8.25, 2.75], "texture": "#0"},
				"east": {"uv": [6.25, 2.75, 8.25, 3], "texture": "#0"},
				"south": {"uv": [6.25, 3, 8.25, 3.25], "texture": "#0"},
				"west": {"uv": [6.25, 3.25, 8.25, 3.5], "texture": "#0"},
				"up": {"uv": [4, 6, 2, 4], "texture": "#0"},
				"down": {"uv": [6, 2, 4, 4], "texture": "#0"}
			}
		},
		{
			"from": [4, 4, 2],
			"to": [12, 6, 3],
			"faces": {
				"north": {"uv": [4, 5.5, 6, 6], "texture": "#0"},
				"east": {"uv": [2.5, 7, 2.75, 7.5], "texture": "#0"},
				"south": {"uv": [0, 6, 2, 6.5], "texture": "#0"},
				"west": {"uv": [2.75, 7, 3, 7.5], "texture": "#0"},
				"up": {"uv": [4, 6.25, 2, 6], "texture": "#0"},
				"down": {"uv": [8, 2, 6, 2.25], "texture": "#0"}
			}
		},
		{
			"from": [5, 3, 1],
			"to": [11, 4, 2],
			"faces": {
				"north": {"uv": [6.25, 4.5, 7.75, 4.75], "texture": "#0"},
				"east": {"uv": [1, 7.25, 1.25, 7.5], "texture": "#0"},
				"south": {"uv": [6.25, 4.75, 7.75, 5], "texture": "#0"},
				"west": {"uv": [1.25, 7.25, 1.5, 7.5], "texture": "#0"},
				"up": {"uv": [7.75, 5.25, 6.25, 5], "texture": "#0"},
				"down": {"uv": [7.75, 5.25, 6.25, 5.5], "texture": "#0"}
			}
		},
		{
			"from": [4, 7, 3],
			"to": [12, 9, 4],
			"faces": {
				"north": {"uv": [6, 0, 8, 0.5], "texture": "#0"},
				"east": {"uv": [3, 7, 3.25, 7.5], "texture": "#0"},
				"south": {"uv": [6, 0.5, 8, 1], "texture": "#0"},
				"west": {"uv": [3.25, 7, 3.5, 7.5], "texture": "#0"},
				"up": {"uv": [8.25, 3.75, 6.25, 3.5], "texture": "#0"},
				"down": {"uv": [8.25, 3.75, 6.25, 4], "texture": "#0"}
			}
		},
		{
			"from": [3, 6, 3],
			"to": [13, 7, 4],
			"faces": {
				"north": {"uv": [6, 1, 8.5, 1.25], "texture": "#0"},
				"east": {"uv": [7.25, 6.5, 7.5, 6.75], "texture": "#0"},
				"south": {"uv": [6, 1.25, 8.5, 1.5], "texture": "#0"},
				"west": {"uv": [7.25, 6.75, 7.5, 7], "texture": "#0"},
				"up": {"uv": [8.5, 1.75, 6, 1.5], "texture": "#0"},
				"down": {"uv": [8.5, 1.75, 6, 2], "texture": "#0"}
			}
		},
		{
			"from": [3, 4, 3],
			"to": [4, 6, 4],
			"faces": {
				"north": {"uv": [3.5, 7, 3.75, 7.5], "texture": "#0"},
				"east": {"uv": [3.75, 7, 4, 7.5], "texture": "#0"},
				"south": {"uv": [6, 7, 6.25, 7.5], "texture": "#0"},
				"west": {"uv": [6.25, 7, 6.5, 7.5], "texture": "#0"},
				"up": {"uv": [1.75, 7.5, 1.5, 7.25], "texture": "#0"},
				"down": {"uv": [2, 7.25, 1.75, 7.5], "texture": "#0"}
			}
		},
		{
			"from": [12, 4, 3],
			"to": [13, 6, 4],
			"faces": {
				"north": {"uv": [6.5, 7, 6.75, 7.5], "texture": "#0"},
				"east": {"uv": [7, 6.5, 7.25, 7], "texture": "#0"},
				"south": {"uv": [6.75, 7, 7, 7.5], "texture": "#0"},
				"west": {"uv": [7, 7, 7.25, 7.5], "texture": "#0"},
				"up": {"uv": [2.25, 7.5, 2, 7.25], "texture": "#0"},
				"down": {"uv": [2.5, 7.25, 2.25, 7.5], "texture": "#0"}
			}
		},
		{
			"from": [11, 2, 2],
			"to": [13, 4, 4],
			"faces": {
				"north": {"uv": [0, 6.5, 0.5, 7], "texture": "#0"},
				"east": {"uv": [0.5, 6.5, 1, 7], "texture": "#0"},
				"south": {"uv": [1, 6.5, 1.5, 7], "texture": "#0"},
				"west": {"uv": [1.5, 6.5, 2, 7], "texture": "#0"},
				"up": {"uv": [2.5, 7, 2, 6.5], "texture": "#0"},
				"down": {"uv": [3, 6.5, 2.5, 7], "texture": "#0"}
			}
		},
		{
			"from": [3, 2, 2],
			"to": [5, 4, 4],
			"faces": {
				"north": {"uv": [3, 6.5, 3.5, 7], "texture": "#0"},
				"east": {"uv": [3.5, 6.5, 4, 7], "texture": "#0"},
				"south": {"uv": [6, 6.5, 6.5, 7], "texture": "#0"},
				"west": {"uv": [6.5, 6.5, 7, 7], "texture": "#0"},
				"up": {"uv": [0.5, 7.5, 0, 7], "texture": "#0"},
				"down": {"uv": [1, 7, 0.5, 7.5], "texture": "#0"}
			}
		},
		{
			"from": [5, 2, 1],
			"to": [11, 3, 2],
			"faces": {
				"north": {"uv": [6.25, 5.5, 7.75, 5.75], "texture": "#0"},
				"east": {"uv": [7.25, 7, 7.5, 7.25], "texture": "#0"},
				"south": {"uv": [6.25, 5.75, 7.75, 6], "texture": "#0"},
				"west": {"uv": [7.25, 7.25, 7.5, 7.5], "texture": "#0"},
				"up": {"uv": [7.5, 6.5, 6, 6.25], "texture": "#0"},
				"down": {"uv": [7.75, 6, 6.25, 6.25], "texture": "#0"}
			}
		},
		{
			"from": [4, 1, 1],
			"to": [12, 2, 4],
			"faces": {
				"north": {"uv": [6.25, 4, 8.25, 4.25], "texture": "#0"},
				"east": {"uv": [1, 7, 1.75, 7.25], "texture": "#0"},
				"south": {"uv": [6.25, 4.25, 8.25, 4.5], "texture": "#0"},
				"west": {"uv": [1.75, 7, 2.5, 7.25], "texture": "#0"},
				"up": {"uv": [6, 4.75, 4, 4], "texture": "#0"},
				"down": {"uv": [6, 4.75, 4, 5.5], "texture": "#0"}
			}
		}
	],
	"display": {
		"thirdperson_righthand": {
			"rotation": [34, 0, 0],
			"translation": [0, 4.75, 4]
		},
		"thirdperson_lefthand": {
			"rotation": [34, 0, 0],
			"translation": [0, 4.75, 4]
		},
		"firstperson_righthand": {
			"translation": [0, 8.5, 0]
		},
		"firstperson_lefthand": {
			"translation": [0, 8.5, 0]
		},
		"ground": {
			"translation": [0, 3, 0]
		},
		"gui": {
			"rotation": [12, 159, 0],
			"translation": [0, 2.5, 0]
		},
		"head": {
			"translation": [0, 4.75, 0],
			"scale": [1.6, 1.6, 1.6]
		},
		"fixed": {
			"translation": [0, 2.5, 0]
		}
	}
}