{
	"credit": "Taken from LDShadowLady's Disney Wish mod",
	"textures": {
		"0": "item/stitch_hat"
	},
	"elements": [
		{
			"name": "ear left tip",
			"from": [2, 8, 7],
			"to": [5, 11, 8],
			"rotation": {"angle": 22.5, "axis": "y", "origin": [4, 8, 12]},
			"faces": {
				"north": {"uv": [4, 1, 5.5, 2.5], "texture": "#0"},
				"east": {"uv": [14, 0.5, 14.5, 2], "texture": "#0"},
				"south": {"uv": [10.5, 0.5, 12, 2], "texture": "#0"},
				"west": {"uv": [14, 0.5, 14.5, 2], "texture": "#0"},
				"up": {"uv": [14, 0.5, 14.5, 1.5], "rotation": 90, "texture": "#0"},
				"down": {"uv": [4, 1, 4.5, 2.5], "rotation": 270, "texture": "#0"}
			}
		},
		{
			"name": "ear left low",
			"from": [6, 4, 7],
			"to": [7, 5, 8],
			"rotation": {"angle": 22.5, "axis": "y", "origin": [5, 8, 12]},
			"faces": {
				"north": {"uv": [3, 4, 3.5, 4.5], "texture": "#0"},
				"east": {"uv": [3, 4, 3.5, 4.5], "texture": "#0"},
				"south": {"uv": [3, 4, 3.5, 4.5], "texture": "#0"},
				"west": {"uv": [3, 4, 3.5, 4.5], "texture": "#0"},
				"up": {"uv": [3, 4, 3.5, 4.5], "rotation": 90, "texture": "#0"},
				"down": {"uv": [3, 4, 3.5, 4.5], "rotation": 270, "texture": "#0"}
			}
		},
		{
			"name": "ear left middle",
			"from": [3, 6, 7],
			"to": [6, 8, 8],
			"rotation": {"angle": 22.5, "axis": "y", "origin": [4, 8, 12]},
			"faces": {
				"north": {"uv": [3.5, 2.5, 5, 3.5], "texture": "#0"},
				"east": {"uv": [13.5, 1.5, 14, 2.5], "texture": "#0"},
				"south": {"uv": [10.5, 3.5, 12, 4.5], "texture": "#0"},
				"west": {"uv": [14, 2.5, 14.5, 3.5], "texture": "#0"},
				"up": {"uv": [14, 2, 14.5, 3], "rotation": 90, "texture": "#0"},
				"down": {"uv": [3.5, 2.5, 4, 3.5], "rotation": 270, "texture": "#0"}
			}
		},
		{
			"name": "ear left tip upper",
			"from": [3, 12, 7],
			"to": [4, 13, 8],
			"rotation": {"angle": 22.5, "axis": "y", "origin": [4, 9, 12]},
			"faces": {
				"north": {"uv": [4.5, 0, 5, 0.5], "texture": "#0"},
				"east": {"uv": [4.5, 0, 5, 0.5], "texture": "#0"},
				"south": {"uv": [4.5, 0, 5, 0.5], "texture": "#0"},
				"west": {"uv": [4.5, 0, 5, 0.5], "texture": "#0"},
				"up": {"uv": [4.5, 0, 5, 0.5], "rotation": 90, "texture": "#0"},
				"down": {"uv": [4.5, 0, 5, 0.5], "rotation": 270, "texture": "#0"}
			}
		},
		{
			"name": "ear left tip upper",
			"from": [2, 11, 7],
			"to": [4, 12, 8],
			"rotation": {"angle": 22.5, "axis": "y", "origin": [4, 8, 12]},
			"faces": {
				"north": {"uv": [4.5, 0.5, 5.5, 1], "texture": "#0"},
				"east": {"uv": [4.5, 0.5, 5, 1], "texture": "#0"},
				"south": {"uv": [4.5, 0.5, 5.5, 1], "texture": "#0"},
				"west": {"uv": [4.5, 0.5, 5, 1], "texture": "#0"},
				"up": {"uv": [4.5, 0.5, 5.5, 1], "rotation": 90, "texture": "#0"},
				"down": {"uv": [4.5, 0.5, 5.5, 1], "rotation": 270, "texture": "#0"}
			}
		},
		{
			"name": "ear left tip",
			"from": [14, 8, 8],
			"to": [17, 11, 9],
			"rotation": {"angle": -22.5, "axis": "y", "origin": [15, 8, 4]},
			"faces": {
				"north": {"uv": [4, 1, 5.5, 2.5], "texture": "#0"},
				"east": {"uv": [14, 0.5, 14.5, 2], "texture": "#0"},
				"south": {"uv": [13, 1, 14.5, 2.5], "texture": "#0"},
				"west": {"uv": [14, 0.5, 14.5, 2], "texture": "#0"},
				"up": {"uv": [14, 0.5, 14.5, 1.5], "rotation": 270, "texture": "#0"},
				"down": {"uv": [4, 1, 4.5, 2.5], "rotation": 90, "texture": "#0"}
			}
		},
		{
			"name": "ear left middle",
			"from": [13, 6, 8],
			"to": [16, 8, 9],
			"rotation": {"angle": -22.5, "axis": "y", "origin": [15, 8, 4]},
			"faces": {
				"north": {"uv": [3.5, 2.5, 5, 3.5], "texture": "#0"},
				"east": {"uv": [14, 2.5, 14.5, 3.5], "texture": "#0"},
				"south": {"uv": [10.5, 3.5, 12, 4.5], "texture": "#0"},
				"west": {"uv": [13.5, 1.5, 14, 2.5], "texture": "#0"},
				"up": {"uv": [14, 2, 14.5, 3], "rotation": 270, "texture": "#0"},
				"down": {"uv": [3.5, 2.5, 4, 3.5], "rotation": 90, "texture": "#0"}
			}
		},
		{
			"name": "ear left tip upper",
			"from": [15, 12, 8],
			"to": [16, 13, 9],
			"rotation": {"angle": -22.5, "axis": "y", "origin": [15, 9, 4]},
			"faces": {
				"north": {"uv": [4.5, 0, 5, 0.5], "texture": "#0"},
				"east": {"uv": [4.5, 0, 5, 0.5], "texture": "#0"},
				"south": {"uv": [4.5, 0, 5, 0.5], "texture": "#0"},
				"west": {"uv": [4.5, 0, 5, 0.5], "texture": "#0"},
				"up": {"uv": [4.5, 0, 5, 0.5], "rotation": 270, "texture": "#0"},
				"down": {"uv": [4.5, 0, 5, 0.5], "rotation": 90, "texture": "#0"}
			}
		},
		{
			"name": "ear left tip upper",
			"from": [15, 11, 8],
			"to": [17, 12, 9],
			"rotation": {"angle": -22.5, "axis": "y", "origin": [15, 8, 4]},
			"faces": {
				"north": {"uv": [4.5, 0.5, 5.5, 1], "texture": "#0"},
				"east": {"uv": [4.5, 0.5, 5, 1], "texture": "#0"},
				"south": {"uv": [4.5, 0.5, 5.5, 1], "texture": "#0"},
				"west": {"uv": [4.5, 0.5, 5, 1], "texture": "#0"},
				"up": {"uv": [4.5, 0.5, 5.5, 1], "rotation": 270, "texture": "#0"},
				"down": {"uv": [4.5, 0.5, 5.5, 1], "rotation": 90, "texture": "#0"}
			}
		},
		{
			"name": "top",
			"from": [4, 7, 5],
			"to": [12, 8, 12],
			"faces": {
				"north": {"uv": [10.5, 0.5, 14.5, 1], "texture": "#0"},
				"east": {"uv": [10.5, 0.5, 14, 1], "texture": "#0"},
				"south": {"uv": [10.5, 0.5, 14.5, 1], "texture": "#0"},
				"west": {"uv": [10.5, 0.5, 14, 1], "texture": "#0"},
				"up": {"uv": [10.5, 0.5, 14.5, 4], "texture": "#0"},
				"down": {"uv": [10.5, 0.5, 14.5, 4], "texture": "#0"}
			}
		},
		{
			"name": "back",
			"from": [5, 2, 11],
			"to": [11, 7, 12],
			"faces": {
				"north": {"uv": [11.5, 0.5, 14.5, 3], "texture": "#0"},
				"east": {"uv": [10, 10, 10.5, 12.5], "texture": "#0"},
				"south": {"uv": [10.5, 0.5, 13.5, 3], "texture": "#0"},
				"west": {"uv": [10, 10, 10.5, 12.5], "texture": "#0"},
				"up": {"uv": [0, 0, 6, 1], "texture": "#0"},
				"down": {"uv": [10.5, 0.5, 13.5, 1], "texture": "#0"}
			}
		},
		{
			"name": "face",
			"from": [4, 4, 4],
			"to": [12, 8, 5],
			"faces": {
				"north": {"uv": [6, 9.5, 10, 11.5], "texture": "#0"},
				"east": {"uv": [10, 10, 10.5, 12], "texture": "#0"},
				"south": {"uv": [10.5, 0.5, 14.5, 2.5], "texture": "#0"},
				"west": {"uv": [10, 10, 10.5, 12], "texture": "#0"},
				"up": {"uv": [11, 0.5, 14.5, 1], "texture": "#0"},
				"down": {"uv": [10.5, 0.5, 14.5, 1], "texture": "#0"}
			}
		},
		{
			"name": "mouth fill",
			"from": [4, 3, 4],
			"to": [6, 4, 5],
			"faces": {
				"north": {"uv": [13.5, 0.5, 14.5, 1], "texture": "#0"},
				"east": {"uv": [14, 0.5, 14.5, 1], "texture": "#0"},
				"south": {"uv": [0, 0, 2, 1], "texture": "#0"},
				"west": {"uv": [14, 0.5, 14.5, 1], "texture": "#0"},
				"up": {"uv": [0, 0, 2, 1], "texture": "#0"},
				"down": {"uv": [13.5, 0.5, 14.5, 1], "texture": "#0"}
			}
		},
		{
			"name": "mouth fill",
			"from": [10, 3, 4],
			"to": [12, 4, 5],
			"faces": {
				"north": {"uv": [13.5, 0.5, 14.5, 1], "texture": "#0"},
				"east": {"uv": [14, 0.5, 14.5, 1], "texture": "#0"},
				"south": {"uv": [0, 0, 2, 1], "texture": "#0"},
				"west": {"uv": [0, 0, 1, 1], "texture": "#0"},
				"up": {"uv": [0, 0, 2, 1], "texture": "#0"},
				"down": {"uv": [13.5, 0.5, 14.5, 1], "texture": "#0"}
			}
		},
		{
			"name": "left tooth",
			"from": [6, 3, 4],
			"to": [7, 4, 5],
			"faces": {
				"north": {"uv": [6, 12.5, 6.5, 13], "texture": "#0"},
				"east": {"uv": [6, 12.5, 6.5, 13], "texture": "#0"},
				"south": {"uv": [0, 0, 1, 1], "texture": "#0"},
				"west": {"uv": [6, 12.5, 6.5, 13], "texture": "#0"},
				"up": {"uv": [0, 0, 1, 1], "texture": "#0"},
				"down": {"uv": [6, 12.5, 6.5, 13], "texture": "#0"}
			}
		},
		{
			"name": "lower tooth",
			"from": [5, 2, 4],
			"to": [6, 3, 5],
			"rotation": {"angle": 0, "axis": "y", "origin": [8, 8, 8]},
			"faces": {
				"north": {"uv": [6, 12.5, 6.5, 13], "texture": "#0"},
				"east": {"uv": [6, 12.5, 6.5, 13], "texture": "#0"},
				"south": {"uv": [0, 0, 1, 1], "texture": "#0"},
				"west": {"uv": [6, 12.5, 6.5, 13], "texture": "#0"},
				"up": {"uv": [0, 0, 1, 1], "texture": "#0"},
				"down": {"uv": [6, 12.5, 6.5, 13], "texture": "#0"}
			}
		},
		{
			"name": "lower tooth",
			"from": [10, 2, 4],
			"to": [11, 3, 5],
			"faces": {
				"north": {"uv": [6, 12.5, 6.5, 13], "texture": "#0"},
				"east": {"uv": [6, 12.5, 6.5, 13], "texture": "#0"},
				"south": {"uv": [0, 0, 1, 1], "texture": "#0"},
				"west": {"uv": [6, 12.5, 6.5, 13], "texture": "#0"},
				"up": {"uv": [0, 0, 1, 1], "texture": "#0"},
				"down": {"uv": [6, 12.5, 6.5, 13], "texture": "#0"}
			}
		},
		{
			"name": "left tooth",
			"from": [9, 3, 4],
			"to": [10, 4, 5],
			"faces": {
				"north": {"uv": [6, 12.5, 6.5, 13], "texture": "#0"},
				"east": {"uv": [0, 0, 1, 1], "texture": "#0"},
				"south": {"uv": [0, 0, 1, 1], "texture": "#0"},
				"west": {"uv": [6, 12.5, 6.5, 13], "texture": "#0"},
				"up": {"uv": [0, 0, 1, 1], "texture": "#0"},
				"down": {"uv": [6, 12.5, 6.5, 13], "texture": "#0"}
			}
		},
		{
			"name": "side",
			"from": [11, 2, 5],
			"to": [12, 7, 12],
			"faces": {
				"north": {"uv": [14, 0.5, 14.5, 3], "texture": "#0"},
				"east": {"uv": [10.5, 0.5, 14, 3], "texture": "#0"},
				"south": {"uv": [14, 0.5, 14.5, 3], "texture": "#0"},
				"west": {"uv": [11, 0.5, 14.5, 3], "texture": "#0"},
				"up": {"uv": [0, 0, 1, 7], "texture": "#0"},
				"down": {"uv": [14, 0.5, 14.5, 4], "texture": "#0"}
			}
		},
		{
			"name": "side",
			"from": [4, 2, 5],
			"to": [5, 7, 12],
			"faces": {
				"north": {"uv": [14, 0.5, 14.5, 4.5], "texture": "#0"},
				"east": {"uv": [10.5, 0.5, 14.5, 3], "texture": "#0"},
				"south": {"uv": [14, 0.5, 14.5, 3], "texture": "#0"},
				"west": {"uv": [11, 0.5, 14.5, 3], "texture": "#0"},
				"up": {"uv": [0, 0, 1, 7], "texture": "#0"},
				"down": {"uv": [14, 0.5, 14.5, 4.5], "texture": "#0"}
			}
		}
	],
	"display": {
		"thirdperson_righthand": {
			"rotation": [63, 0, 0],
			"translation": [-0.5, 0, 0],
			"scale": [0.5, 0.5, 0.5]
		},
		"thirdperson_lefthand": {
			"rotation": [63, 0, 0],
			"translation": [-0.5, 0, 0],
			"scale": [0.5, 0.5, 0.5]
		},
		"ground": {
			"translation": [0, 2, 0]
		},
		"gui": {
			"rotation": [13, -136, 0]
		},
		"head": {
			"rotation": [4, 0, 0],
			"translation": [0, 10, 0],
			"scale": [1.975, 1.975, 1.975]
		},
		"fixed": {
			"translation": [0, 2, -1.5],
			"scale": [1.525, 1.525, 1.525]
		}
	},
	"groups": [
		{
			"name": "ear left",
			"origin": [8, 8, 8],
			"color": 0,
			"children": [0, 1, 2, 3, 4]
		},
		{
			"name": "ear right",
			"origin": [8, 8, 8],
			"color": 0,
			"children": [5, 6, 7, 8]
		},
		{
			"name": "head",
			"origin": [8, 8, 8],
			"color": 0,
			"children": [9, 10, 11, 12, 13, 14, 15, 16, 17, 18, 19]
		}
	]
}